Category,Weight
Small,0.4456890759023598
Large,0.35903864481324016
Mid,0.19527227928440005
