Category,Weight
Small,0.4427411983175007
Large,0.3555474328601072
Mid,0.20171136882239205
