Category,Weight
Small,0.4437116297631376
Large,0.3603828102874327
Mid,0.1959055599494298
