Category,Weight
Small,0.44452184876074163
Large,0.3567899084639082
Mid,0.19868824277535005
