Category,Weight
Small,0.4433461307286257
Large,0.3604050252495469
Mid,0.1962488440218274
