Category,Weight
Small,0.4464980666726453
Large,0.3563712493946058
Mid,0.19713068393274874
