Category,Weight
Small,0.4457226312682968
Large,0.35927965243424054
Mid,0.19499771629746265
