Category,Weight
Small,0.4458338747396542
Large,0.35473287041552337
Mid,0.19943325484482238
