Category,Weight
Small,0.44304786417012504
Large,0.360803595208347
Mid,0.19614854062152776
