Category,Weight
Small,0.4458278118015642
Large,0.3562132859064874
Mid,0.1979589022919484
