Category,Weight
Small,0.44565403336560033
Large,0.3592315199685664
Mid,0.19511444666583333
