Category,Weight
Small,0.4462472034730372
Large,0.3547884292444176
Mid,0.19896436728254493
