Category,Weight
Small,0.44316899293977596
Large,0.3608488911545334
Mid,0.19598211590569056
