Category,Weight
Small,0.4443058200470704
Large,0.3562045551258768
Mid,0.199489624827053
