Category,Weight
Small,0.4442368451740177
Large,0.35611809431906655
Mid,0.1996450605069156
