Category,Weight
Small,0.4452457132566885
Large,0.35866207130813127
Mid,0.1960922154351804
