Category,Weight
Small,0.4475783346590912
Large,0.35519601467217987
Mid,0.19722565066872905
