SectorName,Weight
Capital Goods,0.3840742510364631
Financial Services,0.23134804219774696
Power,0.13725169457178107
Healthcare,0.06895908121668057
Telecommunication,0.06486585650137569
Construction,0.039727159807582596
Chemicals,0.03868570759146852
Metals & Mining,0.03508820707690145
