SectorName,Weight
Capital Goods,0.3791146705894889
Financial Services,0.23338208340315975
Power,0.13794984524339557
Healthcare,0.06895036997966116
Telecommunication,0.06462889250031933
Construction,0.0415871728749079
Chemicals,0.039080969805165594
Metals & Mining,0.03530599560390173
