SectorName,Weight
Capital Goods,0.37793400298025115
Financial Services,0.23688856897845895
Power,0.1390495178806836
Healthcare,0.06799521836353502
Telecommunication,0.06538154362624096
Construction,0.04154971689618691
Chemicals,0.03670299506388014
Metals & Mining,0.034498436210763095
