SectorName,Weight
Capital Goods,0.38527917214905333
Financial Services,0.23531723775730662
Power,0.13960837399175482
Healthcare,0.06698452190499762
Telecommunication,0.06636569887071361
Construction,0.03968533306633082
Metals & Mining,0.0334852520176533
Chemicals,0.03327441024218967
