SectorName,Weight
Capital Goods,0.3766942955104098
Financial Services,0.23587589794144947
Power,0.1383910142455444
Healthcare,0.06894967786161525
Telecommunication,0.06419039989911333
Construction,0.04180186440732751
Chemicals,0.038556605499778795
Metals & Mining,0.03554024463476129
