SectorName,Weight
Capital Goods,0.3860663335228336
Financial Services,0.23083970576519214
Power,0.13613117326564644
Healthcare,0.06891836221869918
Telecommunication,0.0651722820903356
Construction,0.040771590999488884
Chemicals,0.037742411071297825
Metals & Mining,0.034358141066506455
