SectorName,Weight
Capital Goods,0.38137838799013
Financial Services,0.2348931468902669
Power,0.14039083104679378
Healthcare,0.0673111930893068
Telecommunication,0.06560728147421047
Construction,0.04066071618072073
Chemicals,0.036103808330508684
Metals & Mining,0.033654634998062656
