SectorName,Weight
Capital Goods,0.3862879917560037
Financial Services,0.23414772686752605
Power,0.13852579883331684
Healthcare,0.06700601770710583
Telecommunication,0.06594597558628482
Construction,0.04068860782350643
Metals & Mining,0.03408315548294403
Chemicals,0.0333147259433124
