SectorName,Weight
Capital Goods,0.3858697978912461
Financial Services,0.23944732069764751
Power,0.1367353097290195
Healthcare,0.06590535576030401
Telecommunication,0.06551351645874331
Construction,0.04057336723492271
Metals & Mining,0.03340000589384779
Chemicals,0.0325553263342692
