SectorName,Weight
Capital Goods,0.3882413747449936
Financial Services,0.23130997047567808
Power,0.13593350477182098
Healthcare,0.06803377388107894
Telecommunication,0.06397926446439531
Construction,0.039248216102131965
Chemicals,0.03844108221075523
Metals & Mining,0.03481281334914607
