SectorName,Weight
Capital Goods,0.3831428410066886
Financial Services,0.2349945567940966
Power,0.1377544400858559
Healthcare,0.06738904506688692
Telecommunication,0.06512175745650542
Construction,0.04108224572582298
Chemicals,0.03655715986365949
Metals & Mining,0.03395795400048388
