SectorName,Weight
Capital Goods,0.3857126082141107
Financial Services,0.23542181530267542
Power,0.13930156403151106
Healthcare,0.06721172351923205
Telecommunication,0.06617321868377313
Construction,0.039570553646348865
Metals & Mining,0.033370907877426595
Chemicals,0.03323760872492215
