SectorName,Weight
Capital Goods,0.38573881702195134
Financial Services,0.2352541460869879
Power,0.13948236571794984
Healthcare,0.06706953216920361
Telecommunication,0.06629829120328712
Construction,0.03949804135108921
Metals & Mining,0.03336454054301113
Chemicals,0.03329426590651981
