SectorName,Weight
Capital Goods,0.38745638902942386
Financial Services,0.23318784401081882
Power,0.13638153234078887
Healthcare,0.0681072761239258
Telecommunication,0.06201400162381348
Chemicals,0.03947296615512701
Construction,0.03781834791339969
Metals & Mining,0.03556164280270241
