SectorName,Weight
Capital Goods,0.3864459456720334
Financial Services,0.23183866771537784
Power,0.13818179061466743
Healthcare,0.06735244875331119
Telecommunication,0.06658237930063289
Construction,0.04069163743368111
Chemicals,0.03527204733107374
Metals & Mining,0.033635083179222425
