SectorName,Weight
Capital Goods,0.3786145191839639
Financial Services,0.23558397783167764
Power,0.13892839223357475
Healthcare,0.068595586935364
Telecommunication,0.06367894174929205
Construction,0.04162219562906555
Chemicals,0.037891107344750576
Metals & Mining,0.03508527909231143
