SectorName,Weight
Capital Goods,0.38708465010212123
Financial Services,0.23169537532784432
Power,0.13799045348508085
Healthcare,0.06748660803351081
Telecommunication,0.0665076952078745
Construction,0.04053434095994033
Chemicals,0.03524238413306364
Metals & Mining,0.03345849275056441
