Category,Weight
Small,0.5396419149158544
Mid,0.2718922257945495
Large,0.1884658592895961
