Category,Weight
Small,0.5401832396895812
Mid,0.27215265240297415
Large,0.18766410790744487
