Category,Weight
Small,0.5404038354998696
Mid,0.26848888600296916
Large,0.19110727849716128
