Category,Weight
Small,0.5393744773643918
Mid,0.27309409724392164
Large,0.1875314253916866
