Category,Weight
Small,0.5388759716777257
Mid,0.2697931114801441
Large,0.19133091684213027
