Category,Weight
Small,0.5377987451896463
Mid,0.2740040476995391
Large,0.18819720711081428
