Category,Weight
Small,0.5376985748160866
Mid,0.27469792577322294
Large,0.18760349941069063
