Category,Weight
Small,0.5413064851532496
Mid,0.26821474474234985
Large,0.19047877010440054
