Category,Weight
Small,0.5340400565298155
Mid,0.2785113728506716
Large,0.18744857061951295
