Category,Weight
Small,0.5379872681420909
Mid,0.2693629733814259
Large,0.19264975847648308
