Category,Weight
Small,0.5404568882532566
Mid,0.2684330609799882
Large,0.1911100507667552
