Category,Weight
Small,0.5386837467003002
Mid,0.2749586988963112
Large,0.1863575544033889
