Category,Weight
Small,0.5393494258047798
Mid,0.2731410679825904
Large,0.18750950621262985
