Category,Weight
Small,0.5382131117628647
Mid,0.27002409795511595
Large,0.1917627902820191
