Category,Weight
Small,0.5371221480143539
Mid,0.27480447577009187
Large,0.18807337621555417
