Category,Weight
Small,0.5394141858347318
Mid,0.2682777426184541
Large,0.19230807154681417
