Category,Weight
Small,0.5394182048952412
Mid,0.2681237940046882
Large,0.1924580011000706
