SectorName,Weight
Capital Goods,0.3804376841622973
Financial Services,0.23259828792686887
Healthcare,0.1043386948720903
Telecommunication,0.06521640306008553
Construction,0.03994185240410397
Automobile and Auto Components,0.039058443452539796
Chemicals,0.03889477199605487
Metals & Mining,0.035277829952564004
Textiles,0.032484586512583846
Information Technology,0.031751445660811534
