SectorName,Weight
Capital Goods,0.3521485014363569
Financial Services,0.23583362262433796
Healthcare,0.10324557412522131
Telecommunication,0.06646159673841892
Construction,0.03959533267885088
Automobile and Auto Components,0.03601319147341894
Power,0.03405264808764362
Textiles,0.03369947594397061
Metals & Mining,0.033446723870045846
Chemicals,0.03337627613351062
Information Technology,0.03212705688822436
