SectorName,Weight
Capital Goods,0.35203575470011556
Financial Services,0.235899025711224
Healthcare,0.10308041668531268
Telecommunication,0.066529778495837
Construction,0.039783449332462605
Automobile and Auto Components,0.0358692861583688
Power,0.03405883915980935
Textiles,0.033640508830746395
Metals & Mining,0.033568039477014235
Chemicals,0.03335667642564954
Information Technology,0.03217822502345976
