SectorName,Weight
Capital Goods,0.38288743520151897
Financial Services,0.23178635157220998
Healthcare,0.10362075963150508
Telecommunication,0.06411102926510051
Automobile and Auto Components,0.03945713288353678
Construction,0.03932904749986724
Chemicals,0.038520251322479084
Metals & Mining,0.03488451006919027
Textiles,0.03346047966615431
Information Technology,0.03194300288843777
