SectorName,Weight
Capital Goods,0.38197065564627974
Financial Services,0.23388504874549193
Healthcare,0.10438659326614604
Telecommunication,0.06219941632984826
Automobile and Auto Components,0.04012122607198381
Chemicals,0.03959098576721995
Construction,0.03793142040795697
Metals & Mining,0.03566796800948998
Textiles,0.03303626535971419
Information Technology,0.031210420395869156
