SectorName,Weight
Capital Goods,0.3525099752869249
Financial Services,0.240055044257476
Healthcare,0.10171173765178396
Telecommunication,0.06567979147624274
Construction,0.04067634350167898
Automobile and Auto Components,0.03598572976234513
Textiles,0.0337108245366451
Metals & Mining,0.03348477598198644
Chemicals,0.032637952603603075
Power,0.032442768350246
Information Technology,0.03110505659106774
