SectorName,Weight
Capital Goods,0.3817470047981032
Financial Services,0.23173105674161953
Healthcare,0.10431743806283521
Telecommunication,0.0654239345393138
Construction,0.04092902404302628
Automobile and Auto Components,0.03903248760983762
Chemicals,0.03788814741613333
Metals & Mining,0.034490809588528445
Textiles,0.03294593750319193
Information Technology,0.0314941596974109
