SectorName,Weight
Capital Goods,0.38434281673706744
Financial Services,0.23554357577416668
Healthcare,0.10384695390505372
Telecommunication,0.06633910610756272
Construction,0.04093116900273711
Automobile and Auto Components,0.03584805514636669
Metals & Mining,0.03428633890031988
Chemicals,0.033513328442705076
Textiles,0.033341733148062665
Information Technology,0.032006922835957935
