SectorName,Weight
Capital Goods,0.3738222841106602
Financial Services,0.23730538782985028
Healthcare,0.1045247303553289
Telecommunication,0.0645794160232235
Construction,0.042055198228239596
Chemicals,0.038790271924258816
Automobile and Auto Components,0.03868575334819883
Metals & Mining,0.03575563086446965
Textiles,0.03315283165589503
Information Technology,0.031328495659875354
