SectorName,Weight
Capital Goods,0.37987341681851594
Financial Services,0.23665140522747163
Healthcare,0.10320950072371263
Telecommunication,0.06609837519559203
Construction,0.04096507603186132
Automobile and Auto Components,0.03782370459511159
Chemicals,0.036374058113622244
Metals & Mining,0.03390655185197824
Textiles,0.03361495598222531
Information Technology,0.0314829554599091
