SectorName,Weight
Capital Goods,0.383086797398693
Financial Services,0.23701322801808708
Healthcare,0.1038994380066004
Telecommunication,0.06662053874838855
Construction,0.039838044074743166
Automobile and Auto Components,0.036215269753904086
Textiles,0.033974084669642766
Metals & Mining,0.03359648972103225
Chemicals,0.03346228948820108
Information Technology,0.03229382012070736
