SectorName,Weight
Capital Goods,0.37540814535079425
Financial Services,0.23819965724218944
Healthcare,0.10382609971675588
Telecommunication,0.06574340563960279
Construction,0.04177967879945151
Automobile and Auto Components,0.038215944749734825
Chemicals,0.03690613220249145
Metals & Mining,0.03468937195336999
Textiles,0.033778157627504926
Information Technology,0.03145340671810504
