SectorName,Weight
Capital Goods,0.37601110483987776
Financial Services,0.23726754422868535
Healthcare,0.10439675077834334
Telecommunication,0.0641340139809135
Construction,0.04191964255468305
Automobile and Auto Components,0.0385849529679282
Chemicals,0.038161890594350906
Metals & Mining,0.03533601090121083
Textiles,0.033350676998500695
Information Technology,0.030837412155506148
