SectorName,Weight
Capital Goods,0.385232497745706
Financial Services,0.23329951786554254
Healthcare,0.10311715239734434
Telecommunication,0.06696816112272609
Construction,0.04081498040075522
Automobile and Auto Components,0.03661271040182136
Chemicals,0.0354863847197726
Metals & Mining,0.03369014256831542
Textiles,0.033301689907529845
Information Technology,0.03147676287048654
