SectorName,Weight
Capital Goods,0.3757825368022936
Financial Services,0.23492985320297155
Healthcare,0.10439987457531709
Telecommunication,0.0650575057278158
Construction,0.04186297540994715
Chemicals,0.03934015141812299
Automobile and Auto Components,0.03921058824445582
Metals & Mining,0.03554014191432612
Textiles,0.03273803020493374
Information Technology,0.031138342499816306
