SectorName,Weight
Capital Goods,0.3848092767861714
Financial Services,0.23346289435371095
Healthcare,0.10285340507054484
Telecommunication,0.06704884537883023
Construction,0.04097671689056582
Automobile and Auto Components,0.0366083200331429
Chemicals,0.03551915795946128
Metals & Mining,0.03387072548436762
Textiles,0.033336116172326194
Information Technology,0.03151454187087884
