SectorName,Weight
Capital Goods,0.38017625509138037
Financial Services,0.23603395807935101
Healthcare,0.10296175534648429
Telecommunication,0.06540979663205802
Construction,0.04126395605814346
Automobile and Auto Components,0.03802202137025196
Chemicals,0.03671885534914613
Metals & Mining,0.034108152973235585
Textiles,0.03356979614930392
Information Technology,0.03173545295064536
