Category,Weight
Large,0.6035502338469297
Mid,0.39644976615307037
