Category,Weight
Large,0.6002221378340113
Mid,0.39977786216598865
