Category,Weight
Large,0.6019793258344361
Mid,0.3980206741655637
