Category,Weight
Large,0.6017182894450682
Mid,0.3982817105549319
