Category,Weight
Large,0.6018314514720327
Mid,0.39816854852796735
