Category,Weight
Large,0.599817626309721
Mid,0.4001823736902791
