Category,Weight
Large,0.5988455090891822
Mid,0.401154490910818
