Category,Weight
Large,0.6034532117791571
Mid,0.39654678822084294
