Category,Weight
Large,0.6022915867487318
Mid,0.39770841325126804
