Category,Weight
Large,0.6041097770609553
Mid,0.39589022293904463
