Category,Weight
Large,0.5999383645285339
Mid,0.4000616354714662
