Category,Weight
Large,0.604369263644421
Mid,0.3956307363555789
