Category,Weight
Large,0.5972826834836518
Mid,0.402717316516348
