Category,Weight
Large,0.6019152941299846
Mid,0.3980847058700154
