Category,Weight
Large,0.6004306158563467
Mid,0.39956938414365334
