Category,Weight
Large,0.6000098191946547
Mid,0.399990180805345
