Category,Weight
Large,0.5991192375725749
Mid,0.4008807624274252
