SectorName,Weight
Capital Goods,0.2877722601873417
Financial Services,0.16522228886730378
Healthcare,0.14032578731794915
Power,0.1343398980147775
Metals & Mining,0.06983862307592516
Consumer Services,0.0355722526849146
Fast Moving Consumer Goods,0.03480515189279751
Information Technology,0.034465995347748676
Automobile and Auto Components,0.0337388782301805
Services,0.03325049449958051
Telecommunication,0.03066836988148097
