SectorName,Weight
Capital Goods,0.28931998674662573
Financial Services,0.1647795838119931
Healthcare,0.13977515904333115
Power,0.134623237445385
Metals & Mining,0.06986511618135832
Consumer Services,0.03565942709402135
Fast Moving Consumer Goods,0.03487269839359324
Services,0.03372352551812683
Automobile and Auto Components,0.0337120469543554
Information Technology,0.03210812776549232
Telecommunication,0.03156109104571751
