SectorName,Weight
Capital Goods,0.2860256827886568
Financial Services,0.165305695143051
Healthcare,0.13779696289206994
Power,0.13653558053790396
Metals & Mining,0.07053790072373653
Information Technology,0.03602578860029823
Consumer Services,0.03541932694363411
Fast Moving Consumer Goods,0.034286623467184654
Services,0.033684453856268434
Automobile and Auto Components,0.03319973528247671
Telecommunication,0.031182249764719654
