SectorName,Weight
Capital Goods,0.28502527427658914
Financial Services,0.16731375870331783
Power,0.13726718351451117
Healthcare,0.13646296940897978
Metals & Mining,0.06883672872400959
Information Technology,0.03753764699650614
Consumer Services,0.03552137293813744
Fast Moving Consumer Goods,0.03401448116968631
Services,0.03336661352455685
Telecommunication,0.03247736085229794
Automobile and Auto Components,0.03217660989140762
