SectorName,Weight
Capital Goods,0.28360729818397057
Financial Services,0.16641293863997475
Healthcare,0.1381343452343668
Power,0.13726020043937498
Metals & Mining,0.07093079133674812
Information Technology,0.03656567893088634
Consumer Services,0.03536851263695759
Fast Moving Consumer Goods,0.03396334038218951
Services,0.0337038486518674
Automobile and Auto Components,0.03265972426094718
Telecommunication,0.03139332130271691
