SectorName,Weight
Capital Goods,0.29146179429721586
Financial Services,0.1617242607262171
Healthcare,0.1381590122171666
Power,0.13638617857601215
Metals & Mining,0.06873128316898074
Information Technology,0.03669954239276303
Consumer Services,0.03504474500187833
Fast Moving Consumer Goods,0.03363167025381633
Services,0.03345068189924605
Automobile and Auto Components,0.032524205938944235
Telecommunication,0.032186625527759576
