SectorName,Weight
Capital Goods,0.2873346907139161
Financial Services,0.16477795148791446
Healthcare,0.13824527806866788
Power,0.1380942239633493
Metals & Mining,0.06863044174642093
Information Technology,0.0367491644529067
Consumer Services,0.03479623828662166
Fast Moving Consumer Goods,0.03390358710538164
Services,0.03347869165998421
Automobile and Auto Components,0.03202338357383942
Telecommunication,0.031966348940997744
