SectorName,Weight
Capital Goods,0.28777735013616057
Financial Services,0.1637188528176004
Healthcare,0.1378722569295794
Power,0.13755267702047533
Metals & Mining,0.06882189734773533
Information Technology,0.03667320677869106
Consumer Services,0.0351356321712124
Services,0.033664281733486796
Fast Moving Consumer Goods,0.03350897149769204
Automobile and Auto Components,0.03277857312445889
Telecommunication,0.032496300442907876
