SectorName,Weight
Capital Goods,0.2846856960783703
Financial Services,0.16558410191716202
Healthcare,0.13847336008056926
Power,0.13729107176487987
Metals & Mining,0.0704004137278682
Information Technology,0.036575242639041196
Consumer Services,0.034963489678080786
Fast Moving Consumer Goods,0.034333990503920754
Services,0.03383533264604759
Automobile and Auto Components,0.032493476834890386
Telecommunication,0.03136382412916935
