SectorName,Weight
Capital Goods,0.28396317912856894
Financial Services,0.16616257831329634
Healthcare,0.138602195495072
Power,0.13713735433429183
Metals & Mining,0.07059962953486021
Information Technology,0.03644736123109049
Consumer Services,0.03528407600032208
Fast Moving Consumer Goods,0.034108717263326406
Services,0.033727911958969556
Automobile and Auto Components,0.03279129731887698
Telecommunication,0.031175699421325368
