SectorName,Weight
Capital Goods,0.28737553383914877
Financial Services,0.16531582170692238
Healthcare,0.13908295784989738
Power,0.1354715793106674
Metals & Mining,0.06983591966628475
Consumer Services,0.03555180655637187
Fast Moving Consumer Goods,0.03487750854372282
Information Technology,0.034399794590389596
Services,0.03362348522325077
Automobile and Auto Components,0.03280658383685119
Telecommunication,0.031659008876493214
