SectorName,Weight
Capital Goods,0.28765993237197207
Financial Services,0.16458673371693142
Healthcare,0.1385128723460452
Power,0.1379368155042372
Metals & Mining,0.06846894266124709
Information Technology,0.036633810140638226
Consumer Services,0.0348271624811109
Fast Moving Consumer Goods,0.03392274748703002
Services,0.0334804452080408
Automobile and Auto Components,0.03211105722446515
Telecommunication,0.031859480858281775
