SectorName,Weight
Capital Goods,0.284937025361169
Financial Services,0.16566064312673293
Healthcare,0.13771141037328943
Power,0.13662642962377086
Metals & Mining,0.06975578969266646
Information Technology,0.03725900885320736
Consumer Services,0.035111312722763195
Fast Moving Consumer Goods,0.03407101829824698
Services,0.033903934620458306
Automobile and Auto Components,0.03288616991394484
Telecommunication,0.03207725741375075
