SectorName,Weight
Capital Goods,0.28924012358455253
Financial Services,0.16405242984604138
Healthcare,0.13814106729249148
Power,0.136680793053233
Metals & Mining,0.06902028144346581
Information Technology,0.03646068764609976
Consumer Services,0.03544207855329099
Fast Moving Consumer Goods,0.03377773848132939
Services,0.033442426673987
Automobile and Auto Components,0.032120108246388966
Telecommunication,0.03162226517911969
