SectorName,Weight
Capital Goods,0.28746020218144847
Financial Services,0.16477444756291462
Healthcare,0.13884337118807105
Power,0.1377266766702854
Metals & Mining,0.06842108975793995
Information Technology,0.03670129173743051
Consumer Services,0.03480598596143461
Fast Moving Consumer Goods,0.03395279108224642
Services,0.03345427195316591
Automobile and Auto Components,0.032123998329345045
Telecommunication,0.03173587357571783
