SectorName,Weight
Capital Goods,0.2918697871378664
Financial Services,0.16174232393164897
Healthcare,0.13814648180096928
Power,0.13629225909132237
Metals & Mining,0.06856212510851009
Information Technology,0.03663635068658906
Consumer Services,0.035082677188746574
Fast Moving Consumer Goods,0.03361717512062329
Services,0.0334083234304238
Automobile and Auto Components,0.03245233608044168
Telecommunication,0.032190160422858376
