SectorName,Weight
Capital Goods,0.28722189872548687
Financial Services,0.16440768540284054
Healthcare,0.13820631099275552
Power,0.1358166544450727
Metals & Mining,0.06931786986438274
Information Technology,0.03724240536574772
Consumer Services,0.03509566629902765
Services,0.03388882623269843
Fast Moving Consumer Goods,0.03386820456983988
Automobile and Auto Components,0.032871515065988136
Telecommunication,0.032062963036159894
