Category,Weight
Small,0.6006216477560609
Large,0.23592695974293787
Mid,0.1634513925010014
