Category,Weight
Small,0.6006089902313527
Large,0.2355983709240424
Mid,0.16379263884460488
