Category,Weight
Small,0.6033283895387164
Large,0.23044810434908888
Mid,0.166223506112195
