Category,Weight
Small,0.5990184572579661
Large,0.23712429243897848
Mid,0.1638572503030555
