Category,Weight
Small,0.6003712448779475
Large,0.23540047434727693
Mid,0.16422828077477583
