Category,Weight
Small,0.6019284988534884
Large,0.23422110883054917
Mid,0.16385039231596235
