Category,Weight
Small,0.6028328348312351
Large,0.23265260847434696
Mid,0.164514556694418
