Category,Weight
Small,0.601416552715471
Large,0.23398563530745603
Mid,0.16459781197707316
