Category,Weight
Small,0.5962269030583727
Large,0.23952687194535188
Mid,0.16424622499627548
