Category,Weight
Small,0.6039185581825702
Large,0.23107279051361587
Mid,0.1650086513038141
