Category,Weight
Small,0.5982835703952101
Large,0.23449556574229322
Mid,0.16722086386249682
