Category,Weight
Small,0.600352187100462
Large,0.23374066261487744
Mid,0.16590715028466047
