Category,Weight
Small,0.5984442026703788
Large,0.23651310291550398
Mid,0.16504269441411723
