Category,Weight
Small,0.5987391313013847
Large,0.23578263015600148
Mid,0.165478238542614
