Category,Weight
Small,0.6007312265424802
Large,0.23549151695162185
Mid,0.1637772565058978
