Category,Weight
Small,0.5984147647465136
Large,0.23557940355254117
Mid,0.1660058317009452
