Category,Weight
Small,0.5988628317353173
Large,0.2371473881894421
Mid,0.16398978007524057
