SectorName,Weight
Capital Goods,0.4235195496644395
Financial Services,0.13040293951495194
Power,0.10626584160623073
Healthcare,0.10401777710052051
Telecommunication,0.06677108682801944
Fast Moving Consumer Goods,0.03858054613501009
Automobile and Auto Components,0.034348832746092794
Consumer Durables,0.03420400248315165
Textiles,0.031067690284757827
Information Technology,0.030821733636825357
