SectorName,Weight
Capital Goods,0.45760115689274
Financial Services,0.13291982502636532
Power,0.10663099028644188
Healthcare,0.0690030064958452
Telecommunication,0.06635059329362143
Fast Moving Consumer Goods,0.03806934203295046
Automobile and Auto Components,0.03423797735297679
Consumer Durables,0.0340530859884751
Textiles,0.03128527731886671
Information Technology,0.029848745311717086
