SectorName,Weight
Capital Goods,0.46786136766494396
Financial Services,0.13205196197076816
Power,0.10354185669202957
Healthcare,0.06817086856658984
Telecommunication,0.06410818891824521
Fast Moving Consumer Goods,0.036492589874659274
Consumer Durables,0.03555922698847758
Automobile and Auto Components,0.03429618106577288
Textiles,0.030051245460795368
Information Technology,0.027866512797718297
