SectorName,Weight
Capital Goods,0.45953292340041035
Financial Services,0.13068169743825755
Power,0.10617610893649396
Healthcare,0.06776894441790542
Telecommunication,0.06672182982558576
Fast Moving Consumer Goods,0.038379327812094334
Consumer Durables,0.03439581972950366
Automobile and Auto Components,0.03439222892223324
Textiles,0.031120231578922145
Information Technology,0.03083088793859375
