SectorName,Weight
Capital Goods,0.4615195838708841
Financial Services,0.13294595586616073
Power,0.10665418140159713
Healthcare,0.06969810772022257
Telecommunication,0.06532976563656837
Fast Moving Consumer Goods,0.0367704504985178
Automobile and Auto Components,0.03441522937381294
Consumer Durables,0.03343564370917297
Textiles,0.030416108405891762
Information Technology,0.028814973517171546
