SectorName,Weight
Capital Goods,0.4250320731545788
Financial Services,0.13232623923161316
Power,0.10530812806736503
Healthcare,0.10507588876491786
Telecommunication,0.06599571690286976
Fast Moving Consumer Goods,0.03786572801793843
Automobile and Auto Components,0.03405485540595977
Consumer Durables,0.03356045165592722
Textiles,0.031091819610514076
Information Technology,0.029689099188316012
