SectorName,Weight
Capital Goods,0.4591649581932948
Financial Services,0.13353373187628131
Power,0.10711116536017436
Healthcare,0.06974840170349858
Telecommunication,0.0649339915214317
Fast Moving Consumer Goods,0.036920033446127515
Automobile and Auto Components,0.0350490750584354
Consumer Durables,0.03364478549472899
Textiles,0.030723220146483078
Information Technology,0.029170637199544262
