SectorName,Weight
Capital Goods,0.4678848858978264
Financial Services,0.13262085489161232
Power,0.10318546307011067
Healthcare,0.06813751969551084
Telecommunication,0.062041539428936865
Fast Moving Consumer Goods,0.03790470384991784
Consumer Durables,0.03626206214226787
Automobile and Auto Components,0.03346329488837586
Textiles,0.03014410332955142
Information Technology,0.028355572805890135
