SectorName,Weight
Capital Goods,0.42452352782751157
Financial Services,0.1301951344552596
Power,0.10542118358178268
Healthcare,0.10448101222986031
Telecommunication,0.06660982189056319
Fast Moving Consumer Goods,0.03827104433181722
Consumer Durables,0.03441433372407266
Automobile and Auto Components,0.03403111718606558
Textiles,0.031042077621685395
Information Technology,0.031010747151381916
