SectorName,Weight
Capital Goods,0.42372101469474643
Financial Services,0.1304199167817185
Power,0.1063669327286467
Healthcare,0.10385972543609034
Telecommunication,0.06682646736149708
Fast Moving Consumer Goods,0.03843397198556005
Automobile and Auto Components,0.03429691376652577
Consumer Durables,0.03416943157342526
Textiles,0.031106264481208446
Information Technology,0.03079936119058145
