SectorName,Weight
Capital Goods,0.46536534227792836
Financial Services,0.13204666856637687
Power,0.10482680556960941
Healthcare,0.06961532006110994
Telecommunication,0.06583135656117875
Fast Moving Consumer Goods,0.03623166119003468
Automobile and Auto Components,0.03420881298730223
Consumer Durables,0.033852715634514106
Textiles,0.030124755865779205
Information Technology,0.02789656128616645
