SectorName,Weight
Capital Goods,0.46261425058243605
Financial Services,0.12967429150903137
Power,0.10541362706454137
Healthcare,0.06833274471921262
Telecommunication,0.06755146712203627
Fast Moving Consumer Goods,0.037233007399449035
Automobile and Auto Components,0.034121318754789826
Consumer Durables,0.03327856754093696
Information Technology,0.030950055044629696
Textiles,0.030830670262936725
