SectorName,Weight
Capital Goods,0.4649844549454357
Financial Services,0.13203928955999775
Power,0.10640631130190195
Healthcare,0.06969033851809997
Telecommunication,0.06555370834543388
Fast Moving Consumer Goods,0.03602898477436443
Automobile and Auto Components,0.034623591418232964
Consumer Durables,0.033485188922395354
Textiles,0.029810142737222465
Information Technology,0.027377989476915717
