SectorName,Weight
Capital Goods,0.46051327175072676
Financial Services,0.13288816468327025
Power,0.1070324662036099
Healthcare,0.06938185374106148
Telecommunication,0.06440885223415443
Fast Moving Consumer Goods,0.036409940088798186
Automobile and Auto Components,0.03515911619742497
Consumer Durables,0.03348399910033802
Textiles,0.03070490085695435
Information Technology,0.030017435143661782
