SectorName,Weight
Capital Goods,0.4591801954333804
Financial Services,0.13118289802680028
Power,0.10744718042063622
Healthcare,0.0684728246039498
Telecommunication,0.06673950751645846
Fast Moving Consumer Goods,0.03813204400208341
Automobile and Auto Components,0.034467623816322145
Consumer Durables,0.03290917835995571
Textiles,0.031147494535266475
Information Technology,0.030321053285147143
