SectorName,Weight
Capital Goods,0.4246467180400525
Financial Services,0.13333334213226122
Power,0.10511770202292733
Healthcare,0.10205211618330862
Telecommunication,0.06597989789447312
Fast Moving Consumer Goods,0.036856562150773244
Automobile and Auto Components,0.03507002884222105
Consumer Durables,0.03372623508885575
Information Technology,0.03262616589964796
Textiles,0.0305912317454792
