SectorName,Weight
Capital Goods,0.4627582309986685
Financial Services,0.12967325277634212
Power,0.10520423811558677
Healthcare,0.06845501533217879
Telecommunication,0.06746205547776553
Fast Moving Consumer Goods,0.03709751040099054
Automobile and Auto Components,0.03417556317508791
Consumer Durables,0.03323235758267046
Textiles,0.030991961227084044
Information Technology,0.030949814913625473
